ITEM1,ITEM2,ITEM3,ITEM4
Solidity,Ethereum,Smart Contracts,dApps
Smart Contracts,Solidity,Blockchain,dApps
Smart Contracts,Ethereum,Smart Contracts,dApps
DeFi,Web3.js,dApps,Zero-Knowledge Proofs
Blockchain,Smart Contracts,Smart Contracts,dApps
Smart Contracts,Ethereum,dApps,Zero-Knowledge Proofs
Blockchain,Web3.js,dApps,Zero-Knowledge Proofs
Blockchain,Ethereum,dApps,Zero-Knowledge Proofs
Blockchain,Solidity,dApps,Zero-Knowledge Proofs
DeFi,Blockchain,dApps,dApps
Smart Contracts,Solidity,Web3.js,Zero-Knowledge Proofs
Solidity,Ethereum,dApps,Zero-Knowledge Proofs
Cryptography,Solidity,Zero-Knowledge Proofs,Ethereum
Cryptography,Solidity,Zero-Knowledge Proofs,Ethereum
Cryptography,Solidity,Zero-Knowledge Proofs,Ethereum
Smart Contracts,Web3.js,dApps,Zero-Knowledge Proofs
Smart Contracts,Solidity,Zero-Knowledge Proofs,Ethereum
Solidity,Cryptography,Zero-Knowledge Proofs,Ethereum
Blockchain,Ethereum,dApps,Ethereum
Smart Contracts,Cryptography,dApps,Ethereum
Smart Contracts,Cryptography,Zero-Knowledge Proofs,Ethereum
Solidity,Ethereum,dApps,Ethereum
Solidity,Ethereum,Zero-Knowledge Proofs,Ethereum
Solidity,Ethereum,Smart Contracts,dApps
Smart Contracts,Solidity,Blockchain,dApps
Smart Contracts,Ethereum,Smart Contracts,dApps
DeFi,Web3.js,dApps,Zero-Knowledge Proofs
Blockchain,Smart Contracts,Smart Contracts,dApps
Smart Contracts,Ethereum,dApps,Zero-Knowledge Proofs
Blockchain,Web3.js,dApps,Zero-Knowledge Proofs
Blockchain,Ethereum,dApps,Zero-Knowledge Proofs
Blockchain,Solidity,dApps,Zero-Knowledge Proofs
DeFi,Blockchain,dApps,dApps
Smart Contracts,Solidity,Web3.js,Zero-Knowledge Proofs
Solidity,Ethereum,dApps,Zero-Knowledge Proofs
Cryptography,Solidity,Zero-Knowledge Proofs,Ethereum
Cryptography,Solidity,Zero-Knowledge Proofs,Ethereum
Cryptography,Solidity,Zero-Knowledge Proofs,Ethereum
Smart Contracts,Web3.js,dApps,Zero-Knowledge Proofs
Smart Contracts,Solidity,Zero-Knowledge Proofs,Ethereum
Solidity,Cryptography,Zero-Knowledge Proofs,Ethereum
Blockchain,Ethereum,dApps,Ethereum
Smart Contracts,Cryptography,dApps,Ethereum
Smart Contracts,Cryptography,Zero-Knowledge Proofs,Ethereum
Solidity,Ethereum,dApps,Ethereum
Solidity,Ethereum,Zero-Knowledge Proofs,Ethereum
Solidity,Ethereum,Smart Contracts,dApps
Smart Contracts,Solidity,Blockchain,dApps
Smart Contracts,Ethereum,Smart Contracts,dApps
DeFi,Web3.js,dApps,Zero-Knowledge Proofs
Blockchain,Smart Contracts,Smart Contracts,dApps
Smart Contracts,Ethereum,dApps,Zero-Knowledge Proofs
Blockchain,Web3.js,dApps,Zero-Knowledge Proofs
Blockchain,Ethereum,dApps,Zero-Knowledge Proofs
Blockchain,Solidity,dApps,Zero-Knowledge Proofs
DeFi,Blockchain,dApps,dApps
Smart Contracts,Solidity,Web3.js,Zero-Knowledge Proofs
Solidity,Ethereum,dApps,Zero-Knowledge Proofs
Cryptography,Solidity,Zero-Knowledge Proofs,Ethereum
Cryptography,Solidity,Zero-Knowledge Proofs,Ethereum
Cryptography,Solidity,Zero-Knowledge Proofs,Ethereum
Smart Contracts,Web3.js,dApps,Zero-Knowledge Proofs
Smart Contracts,Solidity,Zero-Knowledge Proofs,Ethereum
Solidity,Cryptography,Zero-Knowledge Proofs,Ethereum
Blockchain,Ethereum,dApps,Ethereum
Smart Contracts,Cryptography,dApps,Ethereum
Smart Contracts,Cryptography,Zero-Knowledge Proofs,Ethereum
Solidity,Ethereum,dApps,Ethereum
Solidity,Ethereum,Zero-Knowledge Proofs,Ethereum
Solidity,Ethereum,Smart Contracts,dApps
Smart Contracts,Solidity,Blockchain,dApps
Smart Contracts,Ethereum,Smart Contracts,dApps
DeFi,Web3.js,dApps,Zero-Knowledge Proofs
Blockchain,Smart Contracts,Smart Contracts,dApps
Smart Contracts,Ethereum,dApps,Zero-Knowledge Proofs
Blockchain,Web3.js,dApps,Zero-Knowledge Proofs
Blockchain,Ethereum,dApps,Zero-Knowledge Proofs
Blockchain,Solidity,dApps,Zero-Knowledge Proofs
DeFi,Blockchain,dApps,dApps
Smart Contracts,Solidity,Web3.js,Zero-Knowledge Proofs
Solidity,Ethereum,dApps,Zero-Knowledge Proofs
Cryptography,Solidity,Zero-Knowledge Proofs,Ethereum
Cryptography,Solidity,Zero-Knowledge Proofs,Ethereum
Cryptography,Solidity,Zero-Knowledge Proofs,Ethereum
Smart Contracts,Web3.js,dApps,Zero-Knowledge Proofs
Smart Contracts,Solidity,Zero-Knowledge Proofs,Ethereum
Solidity,Cryptography,Zero-Knowledge Proofs,Ethereum
Blockchain,Ethereum,dApps,Ethereum
Smart Contracts,Cryptography,dApps,Ethereum
Smart Contracts,Cryptography,Zero-Knowledge Proofs,Ethereum
Solidity,Ethereum,dApps,Ethereum
Solidity,Ethereum,Zero-Knowledge Proofs,Ethereum
Solidity,Ethereum,Smart Contracts,dApps
Smart Contracts,Solidity,Blockchain,dApps
Smart Contracts,Ethereum,Smart Contracts,dApps
DeFi,Web3.js,dApps,Zero-Knowledge Proofs
Blockchain,Smart Contracts,Smart Contracts,dApps
Smart Contracts,Ethereum,dApps,Zero-Knowledge Proofs
Blockchain,Web3.js,dApps,Zero-Knowledge Proofs
Blockchain,Ethereum,dApps,Zero-Knowledge Proofs
